id,title,current_alt,proposed_alt
gid://shopify/Product/8037956976709,"Preciosa & Jablonex Extra 2-Cut Glass Chaton Rose Flatback Rhinestones 8ss – 10 Gross (1,440 pcs)",,Preciosa & Jablonex Extra 2-Cut Glass Chaton Rose Flatback Rhinestones 8ss
gid://shopify/Product/8057805340741,"Preciosa & Jablonex Extra 2-Cut Glass Chaton Rose Flatback Rhinestones 10ss – 10 Gross (1,440 pcs)",,Preciosa & Jablonex Extra 2-Cut Glass Chaton Rose Flatback Rhinestones 10ss
gid://shopify/Product/8057814515781,"Preciosa & Jablonex Extra 2-Cut Glass Chaton Rose Flatback Rhinestones 12ss – 10 Gross (1,440 pcs)",,Preciosa & Jablonex Extra 2-Cut Glass Chaton Rose Flatback Rhinestones 12ss
gid://shopify/Product/8057824280645,"Preciosa & Jablonex Extra 2-Cut Glass Chaton Rose Flatback Rhinestones 16ss – 10 Gross (1,440 pcs)",,Preciosa & Jablonex Extra 2-Cut Glass Chaton Rose Flatback Rhinestones 16ss
gid://shopify/Product/8058334281797,"Preciosa & Jablonex Extra 2-Cut Glass Chaton Rose Flatback Rhinestones 20ss – 10 Gross (1,440 pcs)",,Preciosa & Jablonex Extra 2-Cut Glass Chaton Rose Flatback Rhinestones 20ss
gid://shopify/Product/8058450149445,Preciosa & Jablonex Extra 2-Cut Glass Chaton Rose Flatback Rhinestones 30ss – 2 Gross (288 pcs),,Preciosa & Jablonex Extra 2-Cut Glass Chaton Rose Flatback Rhinestones 30ss
gid://shopify/Product/8058589118533,Preciosa & Jablonex Extra 2-Cut Glass Chaton Rose Flatback Rhinestones 34ss – 2 Gross (288 pcs),,Preciosa & Jablonex Extra 2-Cut Glass Chaton Rose Flatback Rhinestones 34ss
gid://shopify/Product/8058617069637,Preciosa & Jablonex Extra 2-Cut Glass Chaton Rose Flatback Rhinestones 40ss – 1 Gross (144 pcs),,Preciosa & Jablonex Extra 2-Cut Glass Chaton Rose Flatback Rhinestones 40ss
gid://shopify/Product/8058779238469,"Preciosa & Jablonex Hot Fix Extra 2-Cut Glass Chaton Rose Flatback Rhinestones 8ss – 10 Gross (1,440 pcs)",,Preciosa & Jablonex Hot Fix Extra 2-Cut Glass Chaton Rose Flatback Rhinestones 8ss
gid://shopify/Product/8059406450757,"Preciosa & Jablonex Hot Fix Extra 2-Cut Glass Chaton Rose Flatback Rhinestones 10ss – 10 Gross (1,440 pcs)",,Preciosa & Jablonex Hot Fix Extra 2-Cut Glass Chaton Rose Flatback Rhinestones 10ss
gid://shopify/Product/8059896889413,"Preciosa & Jablonex Hot Fix Extra 2-Cut Glass Chaton Rose Flatback Rhinestones 12ss – 10 Gross (1,440 pcs)",,Preciosa & Jablonex Hot Fix Extra 2-Cut Glass Chaton Rose Flatback Rhinestones 12ss
gid://shopify/Product/8059898134597,"Preciosa & Jablonex Hot Fix Extra 2-Cut Glass Chaton Rose Flatback Rhinestones 16ss – 10 Gross (1,440 pcs)",,Preciosa & Jablonex Hot Fix Extra 2-Cut Glass Chaton Rose Flatback Rhinestones 16ss
gid://shopify/Product/8059902591045,"Preciosa & Jablonex Hot Fix Extra 2-Cut Glass Chaton Rose Flatback Rhinestones 20ss – 10 Gross (1,440 pcs)",,Preciosa & Jablonex Hot Fix Extra 2-Cut Glass Chaton Rose Flatback Rhinestones 20ss
gid://shopify/Product/8059904458821,Preciosa & Jablonex Hot Fix Extra 2-Cut Glass Chaton Rose Flatback Rhinestones 30ss – 2 Gross (288 pcs),,Preciosa & Jablonex Hot Fix Extra 2-Cut Glass Chaton Rose Flatback Rhinestones 30ss
gid://shopify/Product/8059905081413,Preciosa & Jablonex Hot Fix Extra 2-Cut Glass Chaton Rose Flatback Rhinestones 34ss – 2 Gross (288 pcs),,Preciosa & Jablonex Hot Fix Extra 2-Cut Glass Chaton Rose Flatback Rhinestones 34ss
gid://shopify/Product/8059913830469,Preciosa & Jablonex Hot Fix Extra 2-Cut Glass Chaton Rose Flatback Rhinestones 40ss – 1 Gross (144 pcs),,Preciosa & Jablonex Hot Fix Extra 2-Cut Glass Chaton Rose Flatback Rhinestones 40ss
gid://shopify/Product/8066487386181,"FACETED CZECH GLASS FIRE POLISHED MULTI COLOR BEADS (CRYSTAL, SAPPHIRE & ERINITE)",,"Faceted Czech Glass Fire Polished Multi Color Beads (Crystal, Sapphire & Erinite)"
gid://shopify/Product/8067161522245,FACETED CZECH GLASS FIRE POLISHED MULTI COLOR BEADS (CRYSTAL & AQUAMARINE),,Faceted Czech Glass Fire Polished Multi Color Beads (Crystal & Aquamarine)
gid://shopify/Product/8067213262917,"FACETED CZECH GLASS FIRE POLISHED MULTI COLOR BEADS (CRYSTAL, TOPAZ & SMOKE TOPAZ)",,"Faceted Czech Glass Fire Polished Multi Color Beads (Crystal, Topaz & Smoke Topaz)"
gid://shopify/Product/8067418357829,"FACETED CZECH GLASS FIRE POLISHED MULTI COLOR BEADS (CRYSTAL, AQUA & TOPAZ)",,"Faceted Czech Glass Fire Polished Multi Color Beads (Crystal, Aqua & Topaz)"
gid://shopify/Product/8068399169605,"FACETED CZECH GLASS FIRE POLISHED MULTI COLOR BEADS (CRYSTAL, ERINITE & LIGHT SIAM)",,"Faceted Czech Glass Fire Polished Multi Color Beads (Crystal, Erinite & Light Siam)"
gid://shopify/Product/8068403888197,"FACETED CZECH GLASS FIRE POLISHED MULTI COLOR BEADS (CRYSTAL, TOPAZ & SIAM RUBY)",,"Faceted Czech Glass Fire Polished Multi Color Beads (Crystal, Topaz & Siam Ruby)"
gid://shopify/Product/8068481056837,"FACETED CZECH GLASS FIRE POLISHED MULTI COLOR BEADS (CRYSTAL, SAPPHIRE & GARNET)",,"Faceted Czech Glass Fire Polished Multi Color Beads (Crystal, Sapphire & Garnet)"
gid://shopify/Product/8068484137029,"FACETED CZECH GLASS FIRE POLISHED MULTI COLOR BEADS (CRYSTAL, CITRINE & ROSE)",,"Faceted Czech Glass Fire Polished Multi Color Beads (Crystal, Citrine & Rose)"
gid://shopify/Product/8068622712901,"FACETED CZECH GLASS FIRE POLISHED MULTI COLOR BEADS (CRYSTAL, SAPPHIRE & LIGHT AMETHYST)",,"Faceted Czech Glass Fire Polished Multi Color Beads (Crystal, Sapphire & Light Amethyst)"
gid://shopify/Product/8068758110277,"FACETED CZECH GLASS FIRE POLISHED MULTI COLOR BEADS (CRYSTAL, AQUA & AMBER)",,"Faceted Czech Glass Fire Polished Multi Color Beads (Crystal, Aqua & Amber)"
gid://shopify/Product/8068764663877,"FACETED CZECH GLASS FIRE POLISHED MULTI COLOR BEADS (CRYSTAL, EMERALD & GRAPE)",,"Faceted Czech Glass Fire Polished Multi Color Beads (Crystal, Emerald & Grape)"
gid://shopify/Product/8068781801541,"FACETED CZECH GLASS FIRE POLISHED MULTI COLOR BEADS (CRYSTAL, AMBER, RUBY)",,"Faceted Czech Glass Fire Polished Multi Color Beads (Crystal, Amber, Ruby)"
gid://shopify/Product/8068783669317,"FACETED CZECH GLASS FIRE POLISHED MULTI COLOR BEADS (CRYSTAL, AQUA & SPEARMINT)",,"Faceted Czech Glass Fire Polished Multi Color Beads (Crystal, Aqua & Spearmint)"
gid://shopify/Product/8068804214853,"FACETED CZECH GLASS FIRE POLISHED MULTI COLOR BEADS (CRYSTAL, SAPPHIRE & AQUA)",,"Faceted Czech Glass Fire Polished Multi Color Beads (Crystal, Sapphire & Aqua)"
gid://shopify/Product/8068864049221,"FACETED CZECH GLASS FIRE POLISHED MULTI COLOR BEADS (CRYSTAL, FUCHSIA & AQUA)",,"Faceted Czech Glass Fire Polished Multi Color Beads (Crystal, Fuchsia & Aqua)"
gid://shopify/Product/8068870504517,"FACETED CZECH GLASS FIRE POLISHED MULTI COLOR BEADS (CRYSTAL, AMBER & PINK)",,"Faceted Czech Glass Fire Polished Multi Color Beads (Crystal, Amber & Pink)"
gid://shopify/Product/8068891148357,"FACETED CZECH GLASS FIRE POLISHED MULTI COLOR BEADS (CRYSTAL, PINK & FUCHSIA)",,"Faceted Czech Glass Fire Polished Multi Color Beads (Crystal, Pink & Fuchsia)"
gid://shopify/Product/8068903043141,"FACETED CZECH GLASS FIRE POLISHED MULTI COLOR BEADS (CRYSTAL, PADPARADSCHA & LIGHT AMETHYST)",,"Faceted Czech Glass Fire Polished Multi Color Beads (Crystal, Padparadscha & Light Amethyst)"
gid://shopify/Product/8068911071301,"FACETED CZECH GLASS FIRE POLISHED MULTI COLOR BEADS (CRYSTAL, LIGHT AMETHYST & GRAPE)",,"Faceted Czech Glass Fire Polished Multi Color Beads (Crystal, Light Amethyst & Grape)"
gid://shopify/Product/8068915593285,FACETED CZECH GLASS FIRE POLISHED MULTI COLOR BEADS (ART GLASS CRYSTAL SWIRL),,Faceted Czech Glass Fire Polished Multi Color Beads (Art Glass Crystal Swirl)
gid://shopify/Product/8068917100613,FACETED CZECH GLASS FIRE POLISHED MULTI COLOR BEADS (TORTOISE SHELL GLASS),,Faceted Czech Glass Fire Polished Multi Color Beads (Tortoise Shell Glass)
gid://shopify/Product/8069879955525,FACETED CZECH GLASS FIRE POLISHED  AGATE COLOR BEADS - GOLDEN HORN - MOCHA AGATE,,Faceted Czech Glass Fire Polished Agate Color Beads - Golden Horn - Mocha Agate
gid://shopify/Product/8070054379589,FACETED CZECH GLASS FIRE POLISHED  AGATE COLOR BEADS - GREY HORN AGATE,,Faceted Czech Glass Fire Polished Agate Color Beads - Grey Horn Agate
gid://shopify/Product/8070055723077,FACETED CZECH GLASS FIRE POLISHED  AGATE COLOR BEADS - BURNT HORN - TIGER EYE,,Faceted Czech Glass Fire Polished Agate Color Beads - Burnt Horn - Tiger Eye
gid://shopify/Product/8070068830277,FACETED CZECH GLASS FIRE POLISHED  AGATE COLOR BEADS - BLUE AGATE - SODALITE,,Faceted Czech Glass Fire Polished Agate Color Beads - Blue Agate - Sodalite
gid://shopify/Product/8070078103621,FACETED CZECH GLASS FIRE POLISHED  AGATE COLOR BEADS - GREEN AGATE - MALACHITE,,Faceted Czech Glass Fire Polished Agate Color Beads - Green Agate - Malachite
gid://shopify/Product/8070078791749,FACETED CZECH GLASS FIRE POLISHED  AGATE COLOR BEADS - BLUE TURQUOISE WITH BLACK MATRIX,,Faceted Czech Glass Fire Polished Agate Color Beads - Blue Turquoise With Black Matrix
gid://shopify/Product/8070079184965,FACETED CZECH GLASS FIRE POLISHED  AGATE COLOR BEADS - BROWN HORN AGATE,,Faceted Czech Glass Fire Polished Agate Color Beads - Brown Horn Agate
gid://shopify/Product/8074287644741,FACETED CZECH GLASS FIRE POLISHED BEADS  - DARK TOPAZ WITH HALF SILVER COATING,,Faceted Czech Glass Fire Polished Beads - Dark Topaz With Half Silver Coating
gid://shopify/Product/8074758586437,FACETED CZECH GLASS FIRE POLISHED BEADS  - AMETHYST WITH HALF SILVER COATING,,Faceted Czech Glass Fire Polished Beads - Amethyst With Half Silver Coating
gid://shopify/Product/8074764189765,FACETED CZECH GLASS FIRE POLISHED BEADS  - COBALT WITH HALF SILVER COATING,,Faceted Czech Glass Fire Polished Beads - Cobalt With Half Silver Coating
gid://shopify/Product/8074765631557,FACETED CZECH GLASS FIRE POLISHED BEADS  - SMOKE GREY WITH HALF SILVER COATING,,Faceted Czech Glass Fire Polished Beads - Smoke Grey With Half Silver Coating
gid://shopify/Product/8074771988549,FACETED CZECH GLASS FIRE POLISHED BEADS  - OLIVINE WITH HALF SILVER COATING,,Faceted Czech Glass Fire Polished Beads - Olivine With Half Silver Coating
gid://shopify/Product/8074772480069,FACETED CZECH GLASS FIRE POLISHED BEADS  - DARK AQUA WITH HALF SILVER COATING,,Faceted Czech Glass Fire Polished Beads - Dark Aqua With Half Silver Coating
gid://shopify/Product/8074772709445,FACETED CZECH GLASS FIRE POLISHED BEADS  - BLUE ZIRCON WITH HALF SILVER COATING,,Faceted Czech Glass Fire Polished Beads - Blue Zircon With Half Silver Coating
gid://shopify/Product/8074772873285,FACETED CZECH GLASS FIRE POLISHED BEADS  - LIGHT SIAM RUBY WITH HALF SILVER COATING,,Faceted Czech Glass Fire Polished Beads - Light Siam Ruby With Half Silver Coating
gid://shopify/Product/8074773135429,FACETED CZECH GLASS FIRE POLISHED BEADS  - SIAM RUBY WITH HALF SILVER COATING,,Faceted Czech Glass Fire Polished Beads - Siam Ruby With Half Silver Coating
gid://shopify/Product/8074773856325,FACETED CZECH GLASS FIRE POLISHED BEADS  - CRYSTAL WITH HALF SILVER COATING,,Faceted Czech Glass Fire Polished Beads - Crystal With Half Silver Coating
gid://shopify/Product/8075885543493,3 CUT 9/0 LIGHT TOPAZ TRANSPARENT LUSTER PRECIOSA ORNELA BEADS,,3 Cut 9/0 Light Topaz Transparent Luster Preciosa Ornela Beads
gid://shopify/Product/8077739950149,3 CUT 9/0 TOPAZ TRANSPARENT LUSTER PRECIOSA ORNELA BEADS,,3 Cut 9/0 Topaz Transparent Luster Preciosa Ornela Beads
gid://shopify/Product/8078057865285,3 CUT 9/0 DARK TOPAZ TRANSPARENT LUSTER PRECIOSA ORNELA BEADS,,3 Cut 9/0 Dark Topaz Transparent Luster Preciosa Ornela Beads
gid://shopify/Product/8078070349893,3 CUT 9/0 SMOKE TOPAZ TRANSPARENT LUSTER PRECIOSA ORNELA BEADS,,3 Cut 9/0 Smoke Topaz Transparent Luster Preciosa Ornela Beads
gid://shopify/Product/8078109835333,3 CUT 9/0 AMETHYST TRANSPARENT LUSTER PRECIOSA ORNELA BEADS,,3 Cut 9/0 Amethyst Transparent Luster Preciosa Ornela Beads
gid://shopify/Product/8078121730117,3 CUT 9/0 LIGHT SAPPHIRE TRANSPARENT LUSTER PRECIOSA ORNELA BEADS,,3 Cut 9/0 Light Sapphire Transparent Luster Preciosa Ornela Beads
gid://shopify/Product/8078139195461,3 CUT 9/0 SAPPHIRE TRANSPARENT LUSTER PRECIOSA ORNELA BEADS,,3 Cut 9/0 Sapphire Transparent Luster Preciosa Ornela Beads
gid://shopify/Product/8078146666565,3 CUT 9/0 DARK SAPPHIRE TRANSPARENT LUSTER PRECIOSA ORNELA BEADS,,3 Cut 9/0 Dark Sapphire Transparent Luster Preciosa Ornela Beads
gid://shopify/Product/8078173044805,3 CUT 9/0 COBLALT TRANSPARENT LUSTER PRECIOSA ORNELA BEADS,,3 Cut 9/0 Coblalt Transparent Luster Preciosa Ornela Beads
gid://shopify/Product/8078179598405,3 CUT 9/0 SMOKE GREY TRANSPARENT LUSTER PRECIOSA ORNELA BEADS,,3 Cut 9/0 Smoke Grey Transparent Luster Preciosa Ornela Beads
gid://shopify/Product/8078188052549,3 CUT 9/0 CRYSTAL TRANSPARENT LUSTER PRECIOSA ORNELA BEADS,,3 Cut 9/0 Crystal Transparent Luster Preciosa Ornela Beads
gid://shopify/Product/8078194966597,3 CUT 9/0 GREEN TRANSPARENT LUSTER PRECIOSA ORNELA BEADS,,3 Cut 9/0 Green Transparent Luster Preciosa Ornela Beads
gid://shopify/Product/8078199685189,3 CUT 9/0 FOREST GREEN  TRANSPARENT LUSTER PRECIOSA ORNELA BEADS,,3 Cut 9/0 Forest Green Transparent Luster Preciosa Ornela Beads
gid://shopify/Product/8078482374725,3 CUT 9/0 AQUA TRANSPARENT LUSTER PRECIOSA ORNELA BEADS,,3 Cut 9/0 Aqua Transparent Luster Preciosa Ornela Beads
gid://shopify/Product/8078490239045,3 CUT 9/0 MONTANA TRANSPARENT LUSTER PRECIOSA ORNELA BEADS,,3 Cut 9/0 Montana Transparent Luster Preciosa Ornela Beads
gid://shopify/Product/8078496563269,3 CUT 9/0 CAPRI BLUE TRANSPARENT LUSTER PRECIOSA ORNELA BEADS,,3 Cut 9/0 Capri Blue Transparent Luster Preciosa Ornela Beads
gid://shopify/Product/8078504132677,3 CUT 9/0 HYACINTH TRANSPARENT LUSTER PRECIOSA ORNELA BEADS,,3 Cut 9/0 Hyacinth Transparent Luster Preciosa Ornela Beads
gid://shopify/Product/8078509277253,3 CUT 9/0 LIGHT SIAM RUBY TRANSPARENT LUSTER PRECIOSA ORNELA BEADS,,3 Cut 9/0 Light Siam Ruby Transparent Luster Preciosa Ornela Beads
gid://shopify/Product/8078514061381,3 CUT 9/0 SIAM RUBY TRANSPARENT LUSTER PRECIOSA ORNELA BEADS,,3 Cut 9/0 Siam Ruby Transparent Luster Preciosa Ornela Beads
gid://shopify/Product/8078532116549,3 CUT 9/0 GARNET TRANSPARENT LUSTER PRECIOSA ORNELA BEADS,,3 Cut 9/0 Garnet Transparent Luster Preciosa Ornela Beads
gid://shopify/Product/8080126607429,3 CUT 9/0 GOLD TRANSPARENT SILVER LINED PRECIOSA ORNELA BEADS,,3 Cut 9/0 Gold Transparent Silver Lined Preciosa Ornela Beads
gid://shopify/Product/8080138240069,3 CUT 9/0 DARK TOPAZ TRANSPARENT SILVER LINED PRECIOSA ORNELA BEADS,,3 Cut 9/0 Dark Topaz Transparent Silver Lined Preciosa Ornela Beads
gid://shopify/Product/8099579166789,3 CUT 9/0 CITRINE TRANSPARENT LUSTER PRECIOSA ORNELA BEADS,,3 Cut 9/0 Citrine Transparent Luster Preciosa Ornela Beads
gid://shopify/Product/8099798843461,3 CUT 9/0 SMOKE TOPAZ TRANSPARENT SILVER LINED PRECIOSA ORNELA BEADS,,3 Cut 9/0 Smoke Topaz Transparent Silver Lined Preciosa Ornela Beads
gid://shopify/Product/8099809787973,3 CUT 9/0 LIGHT AMETHYST TRANSPARENT SILVER LINED PRECIOSA ORNELA BEADS,,3 Cut 9/0 Light Amethyst Transparent Silver Lined Preciosa Ornela Beads
gid://shopify/Product/8099825156165,3 CUT 9/0 AMETHYST TRANSPARENT SILVER LINED PRECIOSA ORNELA BEADS,,3 Cut 9/0 Amethyst Transparent Silver Lined Preciosa Ornela Beads
gid://shopify/Product/8099864641605,3 CUT 9/0 LIGHT SAPPHIRE TRANSPARENT SILVER LINED PRECIOSA ORNELA BEADS,,3 Cut 9/0 Light Sapphire Transparent Silver Lined Preciosa Ornela Beads
gid://shopify/Product/8099867623493,3 CUT 9/0 SAPPHIRE TRANSPARENT SILVER LINED PRECIOSA ORNELA BEADS,,3 Cut 9/0 Sapphire Transparent Silver Lined Preciosa Ornela Beads
gid://shopify/Product/8099870703685,3 CUT 9/0 COBALT TRANSPARENT SILVER LINED PRECIOSA ORNELA BEADS,,3 Cut 9/0 Cobalt Transparent Silver Lined Preciosa Ornela Beads
gid://shopify/Product/8102348193861,3 CUT 9/0 PERIDOT TRANSPARENT SILVER LINED PRECIOSA ORNELA BEADS,,3 Cut 9/0 Peridot Transparent Silver Lined Preciosa Ornela Beads
gid://shopify/Product/8102350028869,3 CUT 9/0 FOREST GREEN TRANSPARENT SILVER LINED PRECIOSA ORNELA BEADS,,3 Cut 9/0 Forest Green Transparent Silver Lined Preciosa Ornela Beads
gid://shopify/Product/8102350913605,3 CUT 9/0 LIGHT AQUA TRANSPARENT SILVER LINED PRECIOSA ORNELA BEADS,,3 Cut 9/0 Light Aqua Transparent Silver Lined Preciosa Ornela Beads
gid://shopify/Product/8102351831109,3 CUT 9/0 AQUAMARINE TRANSPARENT SILVER LINED PRECIOSA ORNELA BEADS,,3 Cut 9/0 Aquamarine Transparent Silver Lined Preciosa Ornela Beads
gid://shopify/Product/8102353109061,3 CUT 9/0 DARK AQUA TRANSPARENT SILVER LINED PRECIOSA ORNELA BEADS,,3 Cut 9/0 Dark Aqua Transparent Silver Lined Preciosa Ornela Beads
gid://shopify/Product/8102353993797,3 CUT 9/0 LIGHT BLUE ZIRCON TRANSPARENT SILVER LINED PRECIOSA ORNELA BEADS,,3 Cut 9/0 Light Blue Zircon Transparent Silver Lined Preciosa Ornela Beads
gid://shopify/Product/8102354944069,3 CUT 9/0 BLUE ZIRCON TRANSPARENT SILVER LINED PRECIOSA ORNELA BEADS,,3 Cut 9/0 Blue Zircon Transparent Silver Lined Preciosa Ornela Beads
gid://shopify/Product/8102355796037,3 CUT 9/0 CRYSTAL TRANSPARENT SILVER LINED PRECIOSA ORNELA BEADS,,3 Cut 9/0 Crystal Transparent Silver Lined Preciosa Ornela Beads
gid://shopify/Product/8108505628741,3 CUT 9/0 CITRINE TRANSPARENT SILVER LINED PRECIOSA ORNELA BEADS,,3 Cut 9/0 Citrine Transparent Silver Lined Preciosa Ornela Beads
gid://shopify/Product/8108507332677,3 CUT 9/0 MANGO TRANSPARENT SILVER LINED PRECIOSA ORNELA BEADS,,3 Cut 9/0 Mango Transparent Silver Lined Preciosa Ornela Beads
gid://shopify/Product/8108510281797,3 CUT 9/0 HYACINTH TRANSPARENT SILVER LINED  PRECIOSA ORNELA BEADS,,3 Cut 9/0 Hyacinth Transparent Silver Lined Preciosa Ornela Beads
gid://shopify/Product/8108516835397,3 CUT 9/0 LIGHT SIAM RUBY TRANSPARENT SILVER LINED PRECIOSA ORNELA BEADS,,3 Cut 9/0 Light Siam Ruby Transparent Silver Lined Preciosa Ornela Beads
gid://shopify/Product/8108520472645,3 CUT 9/0 SIAM RUBY TRANSPARENT SILVER LINED PRECIOSA ORNELA BEADS,,3 Cut 9/0 Siam Ruby Transparent Silver Lined Preciosa Ornela Beads
gid://shopify/Product/8108553470021,3 CUT 9/0 GARNET TRANSPARENT SILVER LINED PRECIOSA ORNELA BEADS,,3 Cut 9/0 Garnet Transparent Silver Lined Preciosa Ornela Beads
gid://shopify/Product/8108561039429,3 CUT 9/0 SILVER METALLIC PRECIOSA ORNELA BEADS,,3 Cut 9/0 Silver Metallic Preciosa Ornela Beads
gid://shopify/Product/8113429676101,Vintage Western German Plexy Faceted Beads - OLIVINE AB,,Vintage Western German Plexy Faceted Beads - OLIVINE AB
gid://shopify/Product/8115429113925,Vintage Western German Plexy Faceted Beads - FUCHSIA AB,,Vintage Western German Plexy Faceted Beads - FUCHSIA AB
gid://shopify/Product/8115434520645,CZECH RHINESTONE RONDELLES - CRYSTAL/SILVER,,Czech Rhinestone Rondelles - Crystal/Silver
gid://shopify/Product/8121788203077,Vintage Western German Plexy Faceted Beads - PLUM AB,,Vintage Western German Plexy Faceted Beads - PLUM AB
gid://shopify/Product/8121793871941,Vintage Western German Plexy Faceted Beads - ROYAL BLUE AB,,Vintage Western German Plexy Faceted Beads - ROYAL BLUE AB
gid://shopify/Product/8121810092101,Vintage Western German Plexy Faceted Beads - SMOKE TOPAZ AB,,Vintage Western German Plexy Faceted Beads - SMOKE TOPAZ AB
gid://shopify/Product/8121821397061,Vintage Western German Plexy Beads - IVORY POWDERED WITH GOLD RUFFLE,,Vintage Western German Plexy Beads - IVORY POWDERED WITH GOLD RUFFLE
gid://shopify/Product/8122127974469,Vintage Western German Plexy Beads - LIGHT BLUE POWDERED  WITH GOLD RUFFLE,,Vintage Western German Plexy Beads - LIGHT BLUE POWDERED WITH GOLD RUFFLE
gid://shopify/Product/8122133413957,Vintage Western German Plexy Beads - LIGHT GREEN WITH GOLD RUFFLE,,Vintage Western German Plexy Beads - LIGHT GREEN WITH GOLD RUFFLE
gid://shopify/Product/8122140098629,Vintage Western German Plexy Beads - PINK WITH GOLD RUFFLE,,Vintage Western German Plexy Beads - PINK WITH GOLD RUFFLE
gid://shopify/Product/8122151567429,Vintage Western German Plexy Beads - SOFT BLACK RUFFLE,,Vintage Western German Plexy Beads - SOFT BLACK RUFFLE
gid://shopify/Product/8122156187717,Vintage Western German Plexy Beads - SOFT GOLD RUFFLE,,Vintage Western German Plexy Beads - SOFT GOLD RUFFLE
gid://shopify/Product/8122232897605,CZECH RHINESTONE RONDELLES - CRYSTAL/GOLD,,Czech Rhinestone Rondelles - Crystal/Gold
gid://shopify/Product/8122254819397,CZECH RHINESTONE RONDELLES - CRYSTAL AB / SILVER,,Czech Rhinestone Rondelles - Crystal AB / Silver
gid://shopify/Product/8122283688005,CZECH RHINESTONE RONDELLES - CRYSTAL AB / GOLD,,Czech Rhinestone Rondelles - Crystal AB / Gold
gid://shopify/Product/8122330775621,G0162 Silk Vintage Art Deco Fan Pendants,G0162 Multi Silk vintage German resin art deco fan pendants,G0162 Silk Vintage Art Deco Fan Pendants
gid://shopify/Product/8122330808389,G0162 Transparent Vintage Art Deco Fan Pendants,G0162 Multi Transparent vintage German resin art deco fan pendants,G0162 Transparent Vintage Art Deco Fan Pendants
gid://shopify/Product/8123418280005,VINTAGE PRECIOSA CRYSTAL 64 FACETED ROUND BEADS - CRYSTAL AB,,Vintage Preciosa Crystal 64 Faceted Round Beads - Crystal AB
gid://shopify/Product/8123634384965,VINTAGE PRECIOSA CRYSTAL 64 FACETED ROUND BEADS - CRYSTAL,,Vintage Preciosa Crystal 64 Faceted Round Beads - Crystal
gid://shopify/Product/8123648737349,VINTAGE PRECIOSA CRYSTAL 16 FACETED BICONE BEADS - CRYSTAL,,Vintage Preciosa Crystal 16 Faceted Bicone Beads - Crystal
gid://shopify/Product/8123662008389,VINTAGE PRECIOSA CRYSTAL 16 FACETED BICONE BEADS - CRYSTAL AB,,Vintage Preciosa Crystal 16 Faceted Bicone Beads - Crystal AB
gid://shopify/Product/8129297580101,CZECH RHINESTONE SQUAREDELLES - CRYSTAL/SILVER,,Czech Rhinestone Squaredelles - Crystal/Silver
gid://shopify/Product/8129308229701,CZECH RHINESTONE SQUAREDELLES - CRYSTAL/GOLD,,Czech Rhinestone Squaredelles - Crystal/Gold
gid://shopify/Product/8129310818373,CZECH RHINESTONE SQUAREDELLES - CRYSTAL AB / SILVER,,Czech Rhinestone Squaredelles - Crystal AB / Silver
gid://shopify/Product/8129314947141,CZECH RHINESTONE SQUAREDELLES - CRYSTAL AB / GOLD,,Czech Rhinestone Squaredelles - Crystal AB / Gold
gid://shopify/Product/8129324056645,Chunky Rondelle Large Hole Lampwork Glass Beads - P12002,,Chunky Rondelle Large Hole Lampwork Glass Beads - P12002
gid://shopify/Product/8129388150853,Chunky Rondelle Large Hole Lampwork Glass Beads - P12004,,Chunky Rondelle Large Hole Lampwork Glass Beads - P12004
gid://shopify/Product/8129391296581,Chunky Rondelle Large Hole Lampwork Glass Beads - P12006,,Chunky Rondelle Large Hole Lampwork Glass Beads - P12006
gid://shopify/Product/8129397030981,Chunky Rondelle Large Hole Lampwork Glass Beads - P12015,,Chunky Rondelle Large Hole Lampwork Glass Beads - P12015
gid://shopify/Product/8129398571077,Chunky Rondelle Large Hole Lampwork Glass Beads - P12016,,Chunky Rondelle Large Hole Lampwork Glass Beads - P12016
gid://shopify/Product/8129401356357,Chunky Rondelle Large Hole Lampwork Glass Beads - P12021,,Chunky Rondelle Large Hole Lampwork Glass Beads - P12021
gid://shopify/Product/8129403093061,Chunky Rondelle Large Hole Lampwork Glass Beads - P12022,,Chunky Rondelle Large Hole Lampwork Glass Beads - P12022
gid://shopify/Product/8129404600389,Chunky Rondelle Large Hole Lampwork Glass Beads - P12024,,Chunky Rondelle Large Hole Lampwork Glass Beads - P12024
gid://shopify/Product/8129405354053,Chunky Rondelle Large Hole Lampwork Glass Beads - P12025,,Chunky Rondelle Large Hole Lampwork Glass Beads - P12025
gid://shopify/Product/8129406599237,Chunky Rondelle Large Hole Lampwork Glass Beads - P12026,,Chunky Rondelle Large Hole Lampwork Glass Beads - P12026
gid://shopify/Product/8129407549509,Chunky Rondelle Large Hole Lampwork Glass Beads - P12027,,Chunky Rondelle Large Hole Lampwork Glass Beads - P12027
gid://shopify/Product/8129409417285,Chunky Rondelle Large Hole Lampwork Glass Beads - P12031,,Chunky Rondelle Large Hole Lampwork Glass Beads - P12031
gid://shopify/Product/8129410203717,Chunky Rondelle Large Hole Lampwork Glass Beads - P12032,,Chunky Rondelle Large Hole Lampwork Glass Beads - P12032
gid://shopify/Product/8129410826309,Chunky Rondelle Large Hole Lampwork Glass Beads - P12034,,Chunky Rondelle Large Hole Lampwork Glass Beads - P12034
gid://shopify/Product/8129411350597,Chunky Rondelle Large Hole Lampwork Glass Beads - P12036,,Chunky Rondelle Large Hole Lampwork Glass Beads - P12036
gid://shopify/Product/8129412235333,Chunky Rondelle Large Hole Lampwork Glass Beads - P12039,,Chunky Rondelle Large Hole Lampwork Glass Beads - P12039
gid://shopify/Product/8129413185605,Chunky Rondelle Large Hole Lampwork Glass Beads - P12042,,Chunky Rondelle Large Hole Lampwork Glass Beads - P12042
gid://shopify/Product/8129413939269,Chunky Rondelle Large Hole Lampwork Glass Beads - P12047,,Chunky Rondelle Large Hole Lampwork Glass Beads - P12047
gid://shopify/Product/8129420165189,Chunky Rondelle Large Hole Lampwork Glass Beads - P12050,,Chunky Rondelle Large Hole Lampwork Glass Beads - P12050
gid://shopify/Product/8129421279301,Chunky Rondelle Large Hole Lampwork Glass Beads - P12051,,Chunky Rondelle Large Hole Lampwork Glass Beads - P12051
gid://shopify/Product/8129422295109,Chunky Rondelle Large Hole Lampwork Glass Beads - P12058,,Chunky Rondelle Large Hole Lampwork Glass Beads - P12058
gid://shopify/Product/8129423343685,Chunky Rondelle Large Hole Lampwork Glass Beads - P12060,,Chunky Rondelle Large Hole Lampwork Glass Beads - P12060
gid://shopify/Product/8129424162885,Chunky Rondelle Large Hole Lampwork Glass Beads - P12063,,Chunky Rondelle Large Hole Lampwork Glass Beads - P12063
gid://shopify/Product/8129424785477,Chunky Rondelle Large Hole Lampwork Glass Beads - P12066,,Chunky Rondelle Large Hole Lampwork Glass Beads - P12066
gid://shopify/Product/8129426882629,Chunky Rondelle Large Hole Lampwork Glass Beads - P12069,,Chunky Rondelle Large Hole Lampwork Glass Beads - P12069
gid://shopify/Product/8129428095045,Chunky Rondelle Large Hole Lampwork Glass Beads - P12070,,Chunky Rondelle Large Hole Lampwork Glass Beads - P12070
gid://shopify/Product/8129428881477,Chunky Rondelle Large Hole Lampwork Glass Beads - P12071,,Chunky Rondelle Large Hole Lampwork Glass Beads - P12071
gid://shopify/Product/8129430159429,Chunky Rondelle Large Hole Lampwork Glass Beads - P12072,,Chunky Rondelle Large Hole Lampwork Glass Beads - P12072
gid://shopify/Product/8129431732293,Chunky Rondelle Large Hole Lampwork Glass Beads - P12073,,Chunky Rondelle Large Hole Lampwork Glass Beads - P12073
gid://shopify/Product/8129432387653,Chunky Rondelle Large Hole Lampwork Glass Beads - P12075,,Chunky Rondelle Large Hole Lampwork Glass Beads - P12075
gid://shopify/Product/8129433239621,Chunky Rondelle Large Hole Lampwork Glass Beads - P12077,,Chunky Rondelle Large Hole Lampwork Glass Beads - P12077
gid://shopify/Product/8129434124357,Chunky Rondelle Large Hole Lampwork Glass Beads - P12081,,Chunky Rondelle Large Hole Lampwork Glass Beads - P12081
gid://shopify/Product/8129435172933,Chunky Rondelle Large Hole Lampwork Glass Beads - P12082,,Chunky Rondelle Large Hole Lampwork Glass Beads - P12082
gid://shopify/Product/8129438613573,Chunky Rondelle Large Hole Lampwork Glass Beads - P12088,,Chunky Rondelle Large Hole Lampwork Glass Beads - P12088
gid://shopify/Product/8129440776261,Chunky Rondelle Large Hole Lampwork Glass Beads - P12091,,Chunky Rondelle Large Hole Lampwork Glass Beads - P12091
gid://shopify/Product/8129446117445,Chunky Mix Multi-Shape Beads - PEACHTOPIA,,Chunky Mix Multi-Shape Beads - PEACHTOPIA
gid://shopify/Product/8130464120901,Chunky Mix Multi-Shape Beads - CHROME,,Chunky Mix Multi-Shape Beads - CHROME
gid://shopify/Product/8130465300549,Chunky Mix Multi-Shape Beads - PURPLE IRIS INSIDE / BLUE IRIS OUTSIDE,,Chunky Mix Multi-Shape Beads - PURPLE IRIS INSIDE / BLUE IRIS OUTSIDE
gid://shopify/Product/8130466349125,Chunky Mix Multi-Shape Beads - CRYSTAL AB,,Chunky Mix Multi-Shape Beads - CRYSTAL AB
gid://shopify/Product/8130467037253,Chunky Mix Multi-Shape Beads - MONTANA IRIS / PURPLE IRIS,,Chunky Mix Multi-Shape Beads - MONTANA IRIS / PURPLE IRIS
gid://shopify/Product/8130467856453,Chunky Mix Multi-Shape Beads - CHROME INSIDE / AURUM OUTSIDE,,Chunky Mix Multi-Shape Beads - CHROME INSIDE / AURUM OUTSIDE
gid://shopify/Product/8130469462085,Chunky Mix Multi-Shape Beads - RED IRIS BOTH SIDES,,Chunky Mix Multi-Shape Beads - RED IRIS BOTH SIDES
gid://shopify/Product/8130470346821,Chunky Mix Multi-Shape Beads - BLUE IRIS BOTH SIDES,,Chunky Mix Multi-Shape Beads - BLUE IRIS BOTH SIDES
gid://shopify/Product/8145776312389,3 CUT 9/0 SPHINX (HEMATITE) OPAQUE LUSTER METALLIC PRECIOSA ORNELA BEADS,,3 Cut 9/0 Sphinx (Hematite) Opaque Luster Metallic Preciosa Ornela Beads
gid://shopify/Product/8145780015173,3 CUT 9/0 BROWN METALLIC IRIS PRECIOSA ORNELA BEADS,,3 Cut 9/0 Brown Metallic Iris Preciosa Ornela Beads
gid://shopify/Product/8145780473925,3 CUT 9/0 BLUE METALLIC IRIS PRECIOSA ORNELA BEADS,,3 Cut 9/0 Blue Metallic Iris Preciosa Ornela Beads
gid://shopify/Product/8145780932677,3 CUT 9/0 PURPLE METALLIC IRIS PRECIOSA ORNELA BEADS,,3 Cut 9/0 Purple Metallic Iris Preciosa Ornela Beads
gid://shopify/Product/8145781162053,3 CUT 9/0 BRONZE METALLIC PRECIOSA ORNELA BEADS,,3 Cut 9/0 Bronze Metallic Preciosa Ornela Beads
gid://shopify/Product/8145781456965,3 CUT 9/0 BRIGHT GOLD METALLIC IRIS PRECIOSA ORNELA BEADS,,3 Cut 9/0 Bright Gold Metallic Iris Preciosa Ornela Beads
gid://shopify/Product/8145781915717,3 CUT 9/0 CRYSTAL TRANSPARENT PRECIOSA ORNELA BEADS,,3 Cut 9/0 Crystal Transparent Preciosa Ornela Beads
gid://shopify/Product/8145782636613,3 CUT 9/0 DARK SAPPHIRE TRANSPARENT PRECIOSA ORNELA BEADS,,3 Cut 9/0 Dark Sapphire Transparent Preciosa Ornela Beads
gid://shopify/Product/8145783029829,3 CUT 9/0 BROWN OPAQUE PRECIOSA ORNELA BEADS,,3 Cut 9/0 Brown Opaque Preciosa Ornela Beads
gid://shopify/Product/8145783357509,3 CUT 9/0 JET BLACK OPAQUE PRECIOSA ORNELA BEADS,,3 Cut 9/0 Jet Black Opaque Preciosa Ornela Beads
gid://shopify/Product/8145784275013,3 CUT 9/0 BLUE OPAQUE PRECIOSA ORNELA BEADS,,3 Cut 9/0 Blue Opaque Preciosa Ornela Beads
gid://shopify/Product/8145784569925,3 CUT 9/0 TURQUOISE OPAQUE PRECIOSA ORNELA BEADS,,3 Cut 9/0 Turquoise Opaque Preciosa Ornela Beads
gid://shopify/Product/8145786044485,3 CUT 9/0 DARK RED OPAQUE PRECIOSA ORNELA BEADS,,3 Cut 9/0 Dark Red Opaque Preciosa Ornela Beads
gid://shopify/Product/8147962593349,3 CUT 9/0 LIGHT AMETHYST TRANSPARENT IRIS PRECIOSA ORNELA BEADS,,3 Cut 9/0 Light Amethyst Transparent Iris Preciosa Ornela Beads
gid://shopify/Product/8147977437253,3 CUT 9/0 AMETHYST TRANSPARENT IRIS PRECIOSA ORNELA BEADS,,3 Cut 9/0 Amethyst Transparent Iris Preciosa Ornela Beads
gid://shopify/Product/8148008894533,3 CUT 9/0 DARK SAPPHIRE TRANSPARENT IRIS PRECIOSA ORNELA BEADS,,3 Cut 9/0 Dark Sapphire Transparent Iris Preciosa Ornela Beads
gid://shopify/Product/8148012859461,3 CUT 9/0 SMOKE GREY TRANSPARENT IRIS PRECIOSA ORNELA BEADS,,3 Cut 9/0 Smoke Grey Transparent Iris Preciosa Ornela Beads
gid://shopify/Product/8148016824389,3 CUT 9/0 PERIDOT TRANSPARENT IRIS PRECIOSA ORNELA BEADS,,3 Cut 9/0 Peridot Transparent Iris Preciosa Ornela Beads
gid://shopify/Product/8148021739589,3 CUT 9/0 GREEN ZIRCON TRANSPARENT IRIS PRECIOSA ORNELA BEADS,,3 Cut 9/0 Green Zircon Transparent Iris Preciosa Ornela Beads
gid://shopify/Product/8148029407301,3 CUT 9/0 LIGHT AQUA TRANSPARENT IRIS PRECIOSA ORNELA BEADS,,3 Cut 9/0 Light Aqua Transparent Iris Preciosa Ornela Beads
gid://shopify/Product/8148039204933,3 CUT 9/0 AQUA TRANSPARENT IRIS PRECIOSA ORNELA BEADS,,3 Cut 9/0 Aqua Transparent Iris Preciosa Ornela Beads
gid://shopify/Product/8148042711109,3 CUT 9/0 HYACINTH TRANSPARENT IRIS PRECIOSA ORNELA BEADS,,3 Cut 9/0 Hyacinth Transparent Iris Preciosa Ornela Beads
gid://shopify/Product/8148046544965,3 CUT 9/0 GARNET TRANSPARENT IRIS PRECIOSA ORNELA BEADS,,3 Cut 9/0 Garnet Transparent Iris Preciosa Ornela Beads
gid://shopify/Product/8148051427397,3 CUT 9/0 RED OPAQUE IRIS PRECIOSA ORNELA BEADS,,3 Cut 9/0 Red Opaque Iris Preciosa Ornela Beads
gid://shopify/Product/8148062666821,3 CUT 9/0 CRYSTAL LUSTER BLACK LINED PRECIOSA ORNELA BEADS,,3 Cut 9/0 Crystal Luster Black Lined Preciosa Ornela Beads
gid://shopify/Product/8148073283653,3 CUT 9/0 CRYSTAL LUSTER BEIGE LINED PRECIOSA ORNELA BEADS,,3 Cut 9/0 Crystal Luster Beige Lined Preciosa Ornela Beads
gid://shopify/Product/8148077838405,3 CUT 9/0 CRYSTAL LUSTER LT. FUCHSIA LINED PRECIOSA ORNELA BEADS,,3 Cut 9/0 Crystal Luster Light Fuchsia Lined Preciosa Ornela Beads
gid://shopify/Product/8148082065477,3 CUT 9/0 CRYSTAL LUSTER  LAVENDER LINED PRECIOSA ORNELA BEADS,,3 Cut 9/0 Crystal Luster Lavender Lined Preciosa Ornela Beads
gid://shopify/Product/8148117487685,3 CUT 9/0 CRYSTAL LUSTER PLUM LINED PRECIOSA ORNELA BEADS,,3 Cut 9/0 Crystal Luster Plum Lined Preciosa Ornela Beads
gid://shopify/Product/8148121485381,3 CUT 9/0 CRYSTAL LUSTER LT. BLUE LINED PRECIOSA ORNELA BEADS,,3 Cut 9/0 Crystal Luster Light Blue Lined Preciosa Ornela Beads
gid://shopify/Product/8148126531653,3 CUT 9/0 CRYSTAL LUSTER SEA BLUE LINED PRECIOSA ORNELA BEADS,,3 Cut 9/0 Crystal Luster Sea Blue Lined Preciosa Ornela Beads
gid://shopify/Product/8148129448005,3 CUT 9/0 CRYSTAL LUSTER GUNMETAL LINED PRECIOSA ORNELA BEADS,,3 Cut 9/0 Crystal Luster Gunmetal Lined Preciosa Ornela Beads
gid://shopify/Product/8148134363205,3 CUT 9/0 CRYSTAL LUSTER LT. GREEN LINED PRECIOSA ORNELA BEADS,,3 Cut 9/0 Crystal Luster Light Green Lined Preciosa Ornela Beads
gid://shopify/Product/8148137148485,3 CUT 9/0 CRYSTAL LUSTER LT. AQUA LINED PRECIOSA ORNELA BEADS,,3 Cut 9/0 Crystal Luster Light Aqua Lined Preciosa Ornela Beads
gid://shopify/Product/8148139573317,3 CUT 9/0 CRYSTAL LUSTER LT. PINK LINED PRECIOSA ORNELA BEADS,,3 Cut 9/0 Crystal Luster Light Pink Lined Preciosa Ornela Beads
gid://shopify/Product/8148141375557,3 CUT 9/0 CRYSTAL LUSTER PINK LINED PRECIOSA ORNELA BEADS,,3 Cut 9/0 Crystal Luster Pink Lined Preciosa Ornela Beads
gid://shopify/Product/8148142719045,3 CUT 9/0 CRYSTAL LUSTER YELLOW LINED PRECIOSA ORNELA BEADS,,3 Cut 9/0 Crystal Luster Yellow Lined Preciosa Ornela Beads
gid://shopify/Product/8148144488517,3 CUT 9/0 CRYSTAL LUSTER LT. PEACH LINED PRECIOSA ORNELA BEADS,,3 Cut 9/0 Crystal Luster Light Peach Lined Preciosa Ornela Beads
gid://shopify/Product/8148146421829,3 CUT 9/0 CRYSTAL LUSTER PEACH LINED PRECIOSA ORNELA BEADS,,3 Cut 9/0 Crystal Luster Peach Lined Preciosa Ornela Beads
gid://shopify/Product/8148148092997,3 CUT 9/0 CRYSTAL LUSTER STRAWBERRY LINED PRECIOSA ORNELA BEADS,,3 Cut 9/0 Crystal Luster Strawberry Lined Preciosa Ornela Beads
gid://shopify/Product/8148190462021,3 CUT 9/0 CREAM LUSTER BLUE LINED PRECIOSA ORNELA BEADS,,3 Cut 9/0 Cream Luster Blue Lined Preciosa Ornela Beads
gid://shopify/Product/8148192657477,3 CUT 9/0 CREAM LUSTER MINT GREEN LINED PRECIOSA ORNELA BEADS,,3 Cut 9/0 Cream Luster Mint Green Lined Preciosa Ornela Beads
gid://shopify/Product/8148193509445,3 CUT 9/0 CREAM LUSTER RED LINED PRECIOSA ORNELA BEADS,,3 Cut 9/0 Cream Luster Red Lined Preciosa Ornela Beads
gid://shopify/Product/8148194754629,3 CUT 9/0 TOPAZ RAINBOW BROWN LINED PRECIOSA ORNELA BEADS,,3 Cut 9/0 Topaz Rainbow Brown Lined Preciosa Ornela Beads
gid://shopify/Product/8148198096965,3 CUT 9/0 LT. SAPPHIRE LUSTER VIOLET LINED PRECIOSA ORNELA BEADS,,3 Cut 9/0 Light Sapphire Luster Violet Lined Preciosa Ornela Beads
gid://shopify/Product/8148200554565,3 CUT 9/0 AQUA LUSTER BEIGE LINED PRECIOSA ORNELA BEADS,,3 Cut 9/0 Aqua Luster Beige Lined Preciosa Ornela Beads
gid://shopify/Product/8148205699141,3 CUT 9/0 AQUA LUSTER RED LINED PRECIOSA ORNELA BEADS,,3 Cut 9/0 Aqua Luster Red Lined Preciosa Ornela Beads
gid://shopify/Product/8148209696837,3 CUT 9/0 CITRINE LUSTER LT.GREEN LINED PRECIOSA ORNELA BEADS,,3 Cut 9/0 Citrine Luster Light Green Lined Preciosa Ornela Beads
gid://shopify/Product/8148212121669,3 CUT 9/0 CITRINE  LUSTER ORANGE LINED PRECIOSA ORNELA BEADS,,3 Cut 9/0 Citrine Luster Orange Lined Preciosa Ornela Beads
gid://shopify/Product/8148213039173,3 CUT 9/0 TANGERINE LUSTER OLIVE LINED PRECIOSA ORNELA BEADS,,3 Cut 9/0 Tangerine Luster Olive Lined Preciosa Ornela Beads
gid://shopify/Product/8150946644037,CZECH RHINESTONE CHAIN MACHINE CUT CRYSTAL - 6.5ss,,CZECH RHINESTONE CHAIN MACHINE CUT CRYSTAL - 6.5ss
gid://shopify/Product/8151078240325,CZECH RHINESTONE CHAIN MACHINE CUT CRYSTAL - 8.5ss,,CZECH RHINESTONE CHAIN MACHINE CUT CRYSTAL - 8.5ss
gid://shopify/Product/8151079157829,CZECH RHINESTONE CHAIN MACHINE CUT CRYSTAL - 12ss,,CZECH RHINESTONE CHAIN MACHINE CUT CRYSTAL - 12ss
gid://shopify/Product/8151081975877,CZECH RHINESTONE CHAIN MACHINE CUT CRYSTAL - 14.5ss,,CZECH RHINESTONE CHAIN MACHINE CUT CRYSTAL - 14.5ss
gid://shopify/Product/8151084269637,CZECH RHINESTONE CHAIN MACHINE CUT CRYSTAL - 16ss,,CZECH RHINESTONE CHAIN MACHINE CUT CRYSTAL - 16ss
gid://shopify/Product/8151084761157,CZECH RHINESTONE CHAIN MACHINE CUT CRYSTAL - 18ss,,CZECH RHINESTONE CHAIN MACHINE CUT CRYSTAL - 18ss
gid://shopify/Product/8151086825541,CZECH RHINESTONE CHAIN MACHINE CUT CRYSTAL - 29ss,,CZECH RHINESTONE CHAIN MACHINE CUT CRYSTAL - 29ss
gid://shopify/Product/8163312795717,Round Leather Cord - Black 0.5mm,,Round Leather Cord - Black 0.5mm
gid://shopify/Product/8163415851077,Round Leather Cord - Black 1.0mm,,Round Leather Cord - Black 1.0mm
gid://shopify/Product/8163416375365,Round Leather Cord - Black 2.0mm,,Round Leather Cord - Black 2.0mm
gid://shopify/Product/8163420274757,Round Leather Cord - Black 3.0mm,,Round Leather Cord - Black 3.0mm
gid://shopify/Product/8163426402373,Round Leather Cord - Natural 1.0mm,,Round Leather Cord - Natural 1.0mm
gid://shopify/Product/8163429613637,Round Leather Cord - Natural 2.0mm,,Round Leather Cord - Natural 2.0mm
